type,name,line
function,__init__,10
function,visit_FunctionDef,14
function,visit_ClassDef,21
function,visit_FunctionDef,30
function,visit_FunctionDef,45
function,visit_Call,49
class,DefinitionExtractor,8
class,DocstringReader,28
class,NameFinder,44
function,setUp,5
function,test_insert_and_search,8
function,test_starts_with,13
class,TestTrie,4
function,extract_names_from_file,7
function,__init__,21
function,__init__,25
function,insert,28
function,search,36
function,starts_with,44
function,benchmark_trie_operations,51
class,TrieNode,20
class,Trie,24
function,github_link,72
function,setup,100
function,add,8
function,block,13
function,process,18
function,result,11
function,add,22
function,block,30
function,process,36
function,create_app,7
function,index,20
function,celery_init_app,29
function,__call__,31
class,FlaskTask,30
function,index,10
function,add,15
function,fixture_app,7
function,client,14
function,test_index,14
function,check,15
function,test_add,25
function,login_required,19
function,wrapped_view,23
function,load_logged_in_user,33
function,register,47
function,login,85
function,logout,113
function,index,17
function,get_post,28
function,create,62
function,update,88
function,delete,115
function,get_db,9
function,close_db,23
function,init_db,33
function,init_db_command,42
function,init_app,51
function,create_app,6
function,hello,30
function,app,16
function,client,36
function,runner,42
function,__init__,48
function,login,51
function,logout,56
function,auth,61
class,AuthActions,47
function,test_register,8
function,test_register_validate_input,32
function,test_login,39
function,test_login_validate_input,59
function,test_logout,64
function,test_index,6
function,test_login_required,20
function,test_author_required,25
function,test_exists_required,41
function,test_create,46
function,test_update,57
function,test_create_update_validate,69
function,test_delete,75
function,test_get_close_db,8
function,test_init_db_command,19
function,fake_init_db,23
class,Recorder,20
function,test_config,4
function,test_hello,10
function,_make_timedelta,69
function,__init__,221
function,get_send_file_max_age,276
function,send_static_file,303
function,open_resource,325
function,open_instance_resource,358
function,create_jinja_environment,380
function,create_url_adapter,420
function,raise_routing_exception,473
function,update_template_context,501
function,make_shell_context,529
function,run,541
function,test_client,664
function,test_cli_runner,722
function,handle_http_exception,739
function,handle_user_exception,774
function,handle_exception,806
function,log_exception,859
function,dispatch_request,874
function,full_dispatch_request,900
function,finalize_request,918
function,make_default_options_response,949
function,ensure_sync,962
function,async_to_sync,976
function,url_for,999
function,make_response,1121
function,preprocess_request,1263
function,process_response,1291
function,do_teardown_request,1319
function,do_teardown_appcontext,1343
function,app_context,1360
function,request_context,1380
function,test_request_context,1396
function,wsgi_app,1445
function,__call__,1493
class,Flask,76
function,__init__,19
function,get_send_file_max_age,55
function,send_static_file,82
function,open_resource,104
class,Blueprint,18
function,find_best_app,41
function,_called_with_wrong_args,94
function,find_app_by_string,120
function,prepare_import,200
function,locate_app,230
function,locate_app,236
function,locate_app,241
function,get_version,267
function,__init__,305
function,load_app,333
function,with_appcontext,380
function,decorator,395
function,command,413
function,decorator,422
function,group,429
function,_set_app,440
function,_set_debug,468
function,_env_file_callback,493
function,__init__,563
function,_load_plugin_commands,600
function,get_command,609
function,list_commands,636
function,make_context,657
function,parse_args,678
function,_path_is_ancestor,691
function,load_dotenv,698
function,show_server_banner,766
function,__init__,788
function,convert,791
function,_validate_key,828
function,convert,873
function,run_command,935
function,app,963
function,shell_command,1001
function,routes_command,1061
function,main,1122
class,NoAppException,37
class,ScriptInfo,293
class,AppGroup,405
class,FlaskGroup,531
class,CertParamType,780
class,SeparatedPathType,867
function,__init__,23
function,__get__,30
function,__get__,33
function,__get__,35
function,__set__,46
function,__init__,94
function,from_envvar,102
function,from_prefixed_env,126
function,from_pyfile,187
function,from_object,218
function,from_file,256
function,from_mapping,304
function,get_namespace,323
function,__repr__,366
class,ConfigAttribute,20
class,Config,50
function,__getattr__,52
function,__setattr__,58
function,__delattr__,61
function,get,67
function,pop,78
function,setdefault,92
function,__contains__,104
function,__iter__,107
function,__repr__,110
function,after_this_request,117
function,copy_current_request_context,153
function,wrapper,201
function,has_request_context,208
function,has_app_context,234
function,__init__,299
function,from_environ,339
function,has_request,350
function,copy,354
function,request,370
function,session,381
function,match_request,398
function,push,409
function,pop,432
function,__enter__,482
function,__exit__,486
function,__repr__,494
function,__getattr__,504
class,_AppCtxGlobals,29
class,AppContext,259
function,__init__,28
function,__str__,46
function,__init__,57
function,attach_enctype_error_multidict,81
function,__getitem__,91
function,_dump_loader_info,107
function,explain_template_loading_attempts,124
class,UnexpectedUnicodeError,17
class,DebugFilesKeyError,23
class,FormDataRoutingRedirect,50
class,newcls,90
function,_get_current_object,18
function,__getattr__,65
class,ProxyMixin,17
class,FlaskProxy,22
class,AppContextProxy,24
class,_AppCtxGlobalsProxy,26
class,RequestProxy,28
class,SessionMixinProxy,30
function,get_debug_flag,27
function,get_load_dotenv,35
function,stream_with_context,51
function,stream_with_context,57
function,stream_with_context,62
function,decorator,107
function,generator,113
function,make_response,138
function,url_for,187
function,redirect,241
function,abort,265
function,get_template_attribute,288
function,flash,310
function,get_flashed_messages,344
function,_prepare_send_file_kwargs,386
function,send_file,401
function,send_from_directory,527
function,get_root_path,571
function,_split_blueprint_path,629
function,wsgi_errors_stream,16
function,has_level_handler,31
function,create_logger,58
function,permanent,28
function,permanent,33
function,__init__,74
function,on_update,78
function,__getitem__,84
function,get,88
function,setdefault,92
function,_fail,103
function,make_null_session,164
function,is_null_session,176
function,get_cookie_name,185
function,get_cookie_domain,189
function,get_cookie_path,201
function,get_cookie_httponly,209
function,get_cookie_secure,216
function,get_cookie_samesite,222
function,get_cookie_partitioned,229
function,get_expiration_time,237
function,should_set_cookie,247
function,open_session,263
function,save_session,277
function,_lazy_sha1,290
function,get_signing_serializer,317
function,open_session,337
function,save_session,351
class,SessionMixin,24
class,SecureCookieSession,52
class,NullSession,97
class,SessionInterface,114
class,SecureCookieSessionInterface,298
function,_default_template_ctx_processor,22
function,__init__,45
function,__init__,57
function,get_source,60
function,_get_source_explained,67
function,_get_source_fast,91
function,_iter_loaders,101
function,list_templates,111
function,_render,126
function,render_template,138
function,render_template_string,153
function,_stream,165
function,generate,173
function,stream_template,182
function,stream_template_string,201
class,Environment,39
class,DispatchingJinjaLoader,52
function,__init__,49
function,json_dumps,88
function,_get_werkzeug_version,100
function,__init__,125
function,session_transaction,136
function,_copy_environ,185
function,_request_from_builder_args,193
function,open,204
function,__enter__,249
function,__exit__,255
function,__init__,271
function,invoke,275
class,EnvironBuilder,27
class,FlaskClient,109
class,FlaskCliRunner,265
function,dispatch_request,78
function,as_view,86
function,view,106
function,view,115
function,__init_subclass__,165
function,dispatch_request,182
class,View,16
class,MethodView,138
function,max_content_length,60
function,max_content_length,89
function,max_form_memory_size,93
function,max_form_memory_size,116
function,max_form_parts,120
function,max_form_parts,143
function,endpoint,147
function,blueprint,162
function,blueprints,181
function,_load_form_data,197
function,on_json_loading_failed,212
function,max_cookie_size,247
class,Request,18
class,Response,222
function,__init__,38
function,dumps,41
function,dump,49
function,loads,59
function,load,67
function,_prepare_response_obj,75
function,response,89
function,_default,108
function,dumps,166
function,loads,181
function,response,189
class,JSONProvider,19
class,DefaultJSONProvider,124
function,__init__,69
function,check,73
function,to_json,77
function,to_python,82
function,tag,87
function,check,103
function,to_json,110
function,to_python,114
function,check,122
function,to_json,125
function,check,137
function,to_json,140
function,to_python,143
function,check,150
function,to_json,153
function,check,163
function,to_json,166
function,to_python,169
function,check,181
function,to_json,184
function,to_python,187
function,check,195
function,to_json,198
function,to_python,201
function,check,209
function,to_json,212
function,to_python,215
function,__init__,249
function,register,256
function,tag,289
function,untag,297
function,_untag_scan,309
function,dumps,321
function,loads,325
class,JSONTag,60
class,TagDict,93
class,PassDict,119
class,TagTuple,133
class,PassList,147
class,TagBytes,159
class,TagMarkup,173
class,TagUUID,191
class,TagDateTime,205
class,TaggedJSONSerializer,219
function,dumps,13
function,dump,47
function,loads,77
function,load,108
function,jsonify,138
function,_make_timedelta,52
function,__init__,279
function,_check_setup_finished,410
function,name,423
function,logger,440
function,jinja_env,467
function,create_jinja_environment,476
function,make_config,479
function,make_aborter,495
function,auto_find_instance_path,507
function,create_global_jinja_loader,520
function,select_jinja_autoescape,533
function,debug,547
function,debug,560
function,register_blueprint,567
function,iter_blueprints,594
function,add_url_rule,602
function,template_filter,661
function,template_filter,663
function,template_filter,667
function,decorator,689
function,add_template_filter,696
function,template_test,711
function,template_test,713
function,template_test,717
function,decorator,746
function,add_template_test,753
function,template_global,770
function,template_global,772
function,template_global,776
function,decorator,800
function,add_template_global,807
function,teardown_appcontext,824
function,shell_context_processor,855
function,_find_error_handler,865
function,trap_http_exception,890
function,should_ignore_error,925
function,redirect,935
function,inject_url_defaults,953
function,handle_url_build_error,974
class,App,59
function,__init__,41
function,add_url_rule,87
function,__init__,174
function,_check_setup_finished,213
function,record,224
function,record_once,233
function,wrapper,240
function,make_setup_state,246
function,register_blueprint,256
function,register,273
function,_merge_blueprint_funcs,379
function,extend,380
function,add_url_rule,413
function,app_template_filter,444
function,app_template_filter,446
function,app_template_filter,450
function,decorator,469
function,add_app_template_filter,476
function,register_template_filter,492
function,app_template_test,498
function,app_template_test,500
function,app_template_test,504
function,decorator,525
function,add_app_template_test,532
function,register_template_test,550
function,app_template_global,556
function,app_template_global,558
function,app_template_global,562
function,decorator,583
function,add_app_template_global,590
function,register_template_global,608
function,before_app_request,614
function,after_app_request,624
function,teardown_app_request,634
function,app_context_processor,644
function,app_errorhandler,656
function,decorator,663
function,from_blueprint,664
function,app_url_value_preprocessor,673
function,app_url_defaults,685
class,BlueprintSetupState,34
class,Blueprint,119
function,setupmethod,42
function,wrapper_func,45
function,__init__,75
function,__repr__,217
function,_check_setup_finished,220
function,static_folder,224
function,static_folder,234
function,has_static_folder,241
function,static_url_path,249
function,static_url_path,265
function,jinja_loader,272
function,_method_route,284
function,get,296
function,post,304
function,put,312
function,delete,320
function,patch,328
function,route,336
function,decorator,360
function,add_url_rule,368
function,endpoint,436
function,decorator,453
function,before_request,460
function,after_request,487
function,teardown_request,508
function,context_processor,542
function,url_value_preprocessor,559
function,url_defaults,584
function,errorhandler,598
function,decorator,635
function,register_error_handler,642
function,_get_exc_class_and_code,657
function,_endpoint_from_view_func,701
function,_find_package_path,709
function,find_package,754
class,Scaffold,52
function,_standard_os_environ,12
function,_reset_os_environ,37
function,app,45
function,app_ctx,55
function,req_ctx,61
function,client,67
function,test_apps,72
function,leak_detector,85
function,modules_tmp_path,100
function,modules_tmp_path_prefix,109
function,site_packages,115
function,purge_module,125
function,inner,126
function,test_basic_url_generation,7
function,index,12
function,test_url_generation_requires_server_name,20
function,test_url_generation_without_context_fails,26
function,test_request_context_means_app_context,31
function,test_app_context_provides_current_app,37
function,test_app_tearing_down,43
function,cleanup,47
function,test_app_tearing_down_with_previous_exception,56
function,cleanup,60
function,test_app_tearing_down_with_handled_exception_by_except_block,74
function,cleanup,78
function,test_app_tearing_down_with_handled_exception_by_app_handler,90
function,cleanup,95
function,index,99
function,handler,103
function,test_app_tearing_down_with_unhandled_exception,113
function,cleanup,118
function,index,122
function,test_app_ctx_globals_methods,136
function,test_custom_app_ctx_globals_class,159
function,__init__,161
function,test_context_refcounts,169
function,teardown_req,173
function,teardown_app,177
function,index,181
function,test_clean_pop,194
function,teardown_req,199
function,teardown_app,203
class,CustomRequestGlobals,160
function,_async_app,41
function,test_async_route,82
function,test_async_error_handler,91
function,test_async_before_after_request,97
function,index,106
function,bp_index,123
class,AppError,14
class,BlueprintError,18
class,AsyncView,22
class,AsyncMethodView,30
function,test_options_work,30
function,index,32
function,test_options_on_multiple_rules,40
function,index,42
function,index_put,46
function,test_method_route,54
function,hello,59
function,test_method_route_no_methods,65
function,test_provide_automatic_options_attr,70
function,index,73
function,index2,83
function,test_provide_automatic_options_kwarg,92
function,index,93
function,more,96
function,test_request_dispatching,129
function,index,131
function,more,135
function,test_disallow_string_for_allowed_methods,152
function,test_url_mapping,157
function,index,160
function,more,163
function,options,166
function,test_werkzeug_routing,193
function,bar,201
function,index,204
function,test_endpoint_decorator,214
function,bar,223
function,index,227
function,test_session,234
function,set,236
function,get,245
function,test_session_path,257
function,index,261
function,test_session_using_application_root,269
function,__init__,271
function,__call__,275
function,index,283
function,test_session_using_session_settings,291
function,index,304
function,clear,309
function,test_session_using_samesite_attribute,334
function,index,336
function,test_missing_session,361
function,expect_exception,364
function,test_session_secret_key_fallbacks,374
function,set_session,376
function,get_session,381
function,test_session_expiration,402
function,index,406
function,test,412
function,test_session_stored_last,434
function,modify_session,436
function,dump_session_contents,441
function,test_session_special_types,448
function,dump_session_contents,453
function,test_session_cookie_setting,479
function,bump,483
function,read,489
function,run_test,492
function,test_session_vary_cookie,520
function,set_session,522
function,get,527
function,getitem,531
function,setdefault,535
function,clear,539
function,vary_cookie_header_set,544
function,vary_header_set,551
function,no_vary_header,558
function,expect,561
function,test_session_refresh_vary,581
function,login,583
function,ignored,589
function,test_flashes,598
function,test_extended_flashing,607
function,index,615
function,test,622
function,test_with_categories,632
function,test_filter,643
function,test_filters,651
function,test_filters2,662
function,test_request_processing,688
function,before_request,692
function,after_request,696
function,index,702
function,test_request_preprocessing_early_return,713
function,before_request1,717
function,before_request2,721
function,before_request3,726
function,index,731
function,test_after_request_processing,740
function,index,742
function,foo,744
function,test_teardown_request_handler,755
function,teardown_request,759
function,root,764
function,test_teardown_request_handler_debug_mode,773
function,teardown_request,777
function,root,782
function,test_teardown_request_handler_error,791
function,teardown_request1,796
function,teardown_request2,808
function,fails,820
function,test_before_after_request_order,829
function,before1,833
function,before2,837
function,after1,841
function,after2,846
function,finish1,851
function,finish2,855
function,index,859
function,test_error_handling,867
function,not_found,871
function,internal_server_error,875
function,forbidden,879
function,index,883
function,error,887
function,error2,891
function,test_error_handling_processing,905
function,internal_server_error,909
function,broken_func,913
function,after_request,917
function,test_baseexception_error_handling,926
function,broken_func,930
function,test_before_request_and_routing_errors,937
function,attach_something,939
function,return_something,943
function,test_user_error_handling,951
function,handle_my_exception,956
function,index,961
function,test_http_error_subclass_handling,967
function,handle_forbidden_subclass,972
function,handle_403,977
function,index1,983
function,index2,987
function,index3,991
function,test_errorhandler_precedence,999
function,handle_e2,1010
function,handle_exception,1014
function,raise_e1,1018
function,raise_e3,1022
function,test_trap_bad_request_key_error,1036
function,fail,1041
function,allow_abort,1045
function,test_trapping_of_all_http_exceptions,1067
function,fail,1071
function,test_error_handler_after_processor_error,1078
function,before_request,1082
function,after_request,1087
function,index,1094
function,internal_server_error,1098
function,test_enctype_debug_helper,1107
function,index,1113
function,test_response_types,1122
function,from_text,1124
function,from_bytes,1128
function,from_full_tuple,1132
function,from_text_headers,1140
function,from_text_status,1144
function,from_response_headers,1148
function,from_response_status,1157
function,from_wsgi,1161
function,from_dict,1165
function,from_list,1169
function,test_response_type_errors,1216
function,from_none,1221
function,from_small_tuple,1225
function,from_large_tuple,1229
function,from_bad_type,1233
function,from_bad_wsgi,1237
function,test_make_response,1265
function,test_make_response_with_response_instance,1287
function,test_jsonify_no_prettyprint,1309
function,test_jsonify_mimetype,1317
function,test_json_dump_dataclass,1324
function,test_jsonify_args_and_kwargs_check,1333
function,test_url_generation,1339
function,hello,1341
function,test_build_error_handler,1351
function,handler,1368
function,test_build_error_handler_reraise,1377
function,handler_raises_build_error,1379
function,test_url_for_passes_special_values_to_build_error_handler,1388
function,handler,1390
function,test_static_files,1403
function,test_static_url_path,1412
function,test_static_url_path_with_ending_slash,1423
function,test_static_url_empty_path,1434
function,test_static_url_empty_path_default,1441
function,test_static_folder_with_pathlib_path,1448
function,test_static_folder_with_ending_slash,1457
function,catch_all,1461
function,test_static_route_with_host_matching,1468
function,test_request_locals,1489
function,test_server_name_matching,1502
function,index,1519
function,test_server_name_subdomain,1536
function,index,1541
function,subdomain,1545
function,test_exception_propagation,1582
function,index,1586
function,test_werkzeug_passthrough_errors,1602
function,run_simple_mock,1608
function,test_url_processors,1616
function,add_language_code,1618
function,pull_lang_code,1625
function,index,1629
function,about,1633
function,something_else,1637
function,test_inject_blueprint_url_defaults,1645
function,bp_defaults,1649
function,view,1653
function,test_nonascii_pathinfo,1669
function,index,1671
function,test_no_setup_after_first_request,1678
function,index,1682
function,test_routing_redirect_debugging,1693
function,user,1697
function,test_route_decorator_custom_endpoint,1713
function,foo,1717
function,for_bar,1721
function,for_bar_foo,1725
function,test_get_method_on_g,1738
function,test_g_iteration_protocol,1746
function,test_subdomain_basic_support,1754
function,normal_index,1760
function,test_index,1764
function,test_subdomain_matching,1774
function,index,1780
function,test_subdomain_matching_with_ports,1787
function,index,1793
function,test_subdomain_matching_other_name,1801
function,index,1807
function,test_multi_route_rules,1824
function,index,1827
function,test_multi_route_class_views,1836
function,__init__,1838
function,index,1842
function,test_run_defaults,1852
function,run_simple_mock,1856
function,test_run_server_port,1864
function,run_simple_mock,1868
function,test_run_from_config,1889
function,run_simple_mock,1892
function,test_max_cookie_size,1901
function,index,1915
function,test_app_freed_on_zero_refcount,1932
class,PrefixPathMiddleware,270
class,MyException,952
class,ForbiddenSubclass,968
class,E1,1000
class,E2,1003
class,E3,1006
class,View,1837
function,test_blueprint_specific_error_handling,8
function,frontend_forbidden,14
function,frontend_no,18
function,backend_forbidden,22
function,backend_no,26
function,sideend_no,30
function,app_forbidden,38
function,test_blueprint_specific_user_error_handling,46
function,my_decorator_exception_handler,56
function,my_function_exception_handler,60
function,blue_deco_test,67
function,blue_func_test,71
function,test_blueprint_app_error_handling,80
function,forbidden_handler,84
function,app_forbidden,88
function,bp_forbidden,94
function,test_blueprint_prefix_slash,120
function,index,124
function,test_blueprint_url_defaults,131
function,foo,135
function,bar,139
function,test_blueprint_url_processors,151
function,add_language_code,155
function,pull_lang_code,159
function,index,163
function,about,167
function,test_templates_and_static,176
function,test_default_static_max_age,223
function,get_send_file_max_age,225
function,test_templates_list,247
function,test_dotted_name_not_allowed,254
function,test_empty_name_not_allowed,259
function,test_dotted_names_from_app,264
function,app_index,268
function,index,272
function,test_empty_url_defaults,281
function,something,286
function,test_route_decorator_custom_endpoint,295
function,foo,299
function,foo_bar,303
function,foo_bar_foo,307
function,bar_foo,311
function,index,317
function,test_route_decorator_custom_endpoint_with_dots,327
function,view,336
function,test_endpoint_decorator,345
function,foobar,353
function,test_template_filter,362
function,my_reverse,366
function,my_reverse_2,370
function,my_reverse_3,374
function,my_reverse_4,378
function,test_add_template_filter,399
function,my_reverse,402
function,test_template_filter_with_name,412
function,my_reverse,416
function,test_add_template_filter_with_name,425
function,my_reverse,428
function,test_template_filter_with_template,438
function,super_reverse,442
function,index,448
function,test_template_filter_after_route_with_template,455
function,index,457
function,super_reverse,463
function,test_add_template_filter_with_template,471
function,super_reverse,474
function,index,481
function,test_template_filter_with_name_and_template,488
function,my_reverse,492
function,index,498
function,test_add_template_filter_with_name_and_template,505
function,my_reverse,508
function,index,515
function,test_template_test,522
function,is_boolean,526
function,boolean_2,530
function,boolean_3,534
function,boolean_4,538
function,test_add_template_test,559
function,is_boolean,562
function,test_template_test_with_name,572
function,is_boolean,576
function,test_add_template_test_with_name,585
function,is_boolean,588
function,test_template_test_with_template,598
function,boolean,602
function,index,608
function,test_template_test_after_route_with_template,615
function,index,617
function,boolean,623
function,test_add_template_test_with_template,631
function,boolean,634
function,index,641
function,test_template_test_with_name_and_template,648
function,is_boolean,652
function,index,658
function,test_add_template_test_with_name_and_template,665
function,is_boolean,668
function,index,675
function,test_context_processing,682
function,template_string,685
function,not_answer_context_processor,693
function,answer_context_processor,698
function,bp_page,703
function,app_page,707
function,test_template_global,723
function,get_answer,727
function,get_stuff_1,731
function,get_stuff_2,735
function,get_stuff_3,739
function,test_request_processing,777
function,before_bp,782
function,after_bp,786
function,teardown_bp,792
function,bp_endpoint,797
function,test_app_request_processing,808
function,before_app,813
function,after_app,817
function,teardown_app,823
function,bp_endpoint,830
function,test_app_url_processors,847
function,add_language_code,852
function,pull_lang_code,856
function,index,861
function,about,865
function,test_nested_blueprint,874
function,forbidden,880
function,parent_index,884
function,parent_no,888
function,child_index,892
function,child_no,896
function,grandchild_forbidden,900
function,grandchild_index,904
function,grandchild_no,908
function,test_nested_callback_order,923
function,app_before1,928
function,app_teardown1,932
function,app_before2,936
function,app_teardown2,940
function,app_ctx,944
function,parent_before1,948
function,parent_teardown1,952
function,parent_before2,956
function,parent_teardown2,960
function,parent_ctx,964
function,child_before1,968
function,child_teardown1,972
function,child_before2,976
function,child_teardown2,980
function,child_ctx,984
function,a,988
function,b,992
function,test_nesting_url_prefixes,1012
function,index,1024
function,test_nesting_subdomains,1034
function,index,1043
function,test_child_and_parent_subdomain,1053
function,index,1062
function,test_unique_blueprint_names,1075
function,test_self_registration,1092
function,test_blueprint_renaming,1098
function,index,1103
function,error,1107
function,forbidden,1111
function,index2,1115
class,MyDecoratorException,47
class,MyFunctionException,50
class,MyBlueprint,224
function,runner,37
function,test_cli_name,41
function,test_find_best_app,48
function,create_app,66
function,create_app,75
function,make_app,84
function,create_app,95
function,create_app,104
function,create_app,122
function,create_app,129
function,test_prepare_import,161
function,reset_path,171
function,test_locate_app,195
function,test_locate_app_raises,217
function,test_locate_app_suppress_raise,222
function,test_get_version,231
function,exit,236
function,test_scriptinfo,247
function,create_app,265
function,test_app_cli_has_app_context,289
function,_param_cb,290
function,check,296
function,test_with_appcontext,307
function,testcmd,310
function,test_appgroup_app_context,320
function,cli,322
function,test,326
function,subgroup,330
function,test2,334
function,test_flaskgroup_app_context,348
function,create_app,349
function,cli,353
function,test,357
function,test_flaskgroup_debug,366
function,create_app,367
function,cli,373
function,test,377
function,test_flaskgroup_nested,385
function,show,391
function,test_no_command_echo_loading_error,398
function,test_help_echo_loading_error,413
function,test_help_echo_exception,428
function,create_app,429
function,app,448
function,invoke,459
function,expect_order,463
function,test_simple,469
function,test_sort,474
function,test_all_methods,489
function,test_no_routes,495
function,test_subdomain,502
function,test_host,511
function,dotenv_not_available,521
function,test_load_dotenv,536
function,test_dotenv_path,560
function,test_dotenv_optional,569
function,test_disable_dotenv_from_env,577
function,test_run_cert_path,584
function,test_run_cert_adhoc,602
function,test_run_cert_import,619
function,test_run_cert_no_ssl,641
function,test_cli_blueprints,648
function,custom_command,656
function,nested_command,660
function,merged_command,664
function,late_command,668
function,test_cli_empty,691
function,test_run_exclude_patterns,700
class,Module,49
class,Module,54
class,Module,59
class,Module,64
class,Module,73
class,Module,82
class,Module,91
class,Module,100
class,Module,109
class,Module,114
class,Module,120
class,Module,127
class,MockCtx,232
class,TestRoutes,446
function,common_object_test,13
function,test_config_from_pyfile,19
function,test_config_from_object,25
function,test_config_from_file_json,31
function,test_config_from_file_toml,38
function,test_from_prefixed_env,48
function,test_from_prefixed_env_custom_prefix,69
function,test_from_prefixed_env_nested,79
function,test_config_from_mapping,110
function,test_config_from_class,132
function,test_config_from_envvar,144
function,test_config_from_envvar_missing,161
function,test_config_missing,174
function,test_config_missing_file,186
function,test_custom_config_class,198
function,test_session_lifetime,211
function,test_get_namespace,217
function,test_from_pyfile_weird_encoding,244
class,Base,133
class,Test,136
class,Config,199
class,Flask,202
function,test_custom_converters,8
function,to_python,10
function,to_url,13
function,index,20
function,test_context_available,29
function,to_python,31
function,index,39
class,ListConverter,9
class,ContextConverter,30
function,__init__,18
function,__fspath__,21
function,__init__,26
function,__getattr__,29
function,test_send_file,34
function,test_static_file,45
function,get_send_file_max_age,76
function,test_send_from_directory,92
function,test_url_for_with_anchor,103
function,index,105
function,test_url_for_with_scheme,110
function,index,112
function,test_url_for_with_scheme_not_external,120
function,test_url_for_with_alternating_schemes,131
function,index,133
function,test_url_with_method,143
function,get,147
function,post,152
function,test_url_for_with_self,164
function,index,166
function,test_redirect_no_app,172
function,test_redirect_with_app,178
function,redirect,179
function,test_abort_no_app,188
function,test_app_aborter_class,196
function,test_abort_with_app,207
function,test_name_with_import_error,228
function,test_streaming_with_context,237
function,index,239
function,generate,240
function,test_streaming_with_context_as_decorator,250
function,index,252
function,generate,254
function,test_streaming_with_context_and_custom_close,264
function,__init__,268
function,__iter__,271
function,close,274
function,__next__,277
function,index,283
function,generate,284
function,test_stream_keeps_session,295
function,index,297
function,gen,301
function,test_async_view,309
function,gen,315
function,test_get_debug_flag,344
function,test_make_response,348
function,test_open_resource,362
function,test_open_resource_exceptions,370
function,test_open_resource_with_encoding,378
class,FakePath,11
class,PyBytesIO,25
class,TestSendfile,33
class,StaticFileApp,75
class,TestUrlFor,102
class,MyView,146
class,MyAborter,197
class,MyFlask,200
class,My900Error,208
class,TestNoImports,217
class,TestStreaming,236
class,Wrapper,267
class,TestHelpers,333
function,test_explicit_instance_paths,8
function,test_uninstalled_module_paths,16
function,test_uninstalled_package_paths,30
function,test_uninstalled_namespace_paths,46
function,create_namespace,47
function,test_installed_module_paths,65
function,test_installed_package_paths,80
function,test_prefix_package_paths,99
function,test_bad_request_debug_message,15
function,post_json,20
function,test_json_bad_requests,30
function,return_json,32
function,test_json_custom_mimetypes,39
function,return_json,41
function,test_json_as_unicode,51
function,test_json_dump_to_file,57
function,test_jsonify_basic_types,70
function,test_jsonify_dicts,78
function,return_kwargs,92
function,return_dict,96
function,test_jsonify_arrays,105
function,return_args_unpack,120
function,return_array,124
function,test_jsonify_datetime,136
function,index,138
function,__init__,152
function,utcoffset,156
function,tzname,159
function,dst,162
function,test_jsonify_aware_datetimes,167
function,test_jsonify_uuid_types,176
function,test_json_decimal,191
function,test_json_attr,196
function,add,198
function,test_tojson_filter,210
function,test_json_customization,223
function,__init__,225
function,default,228
function,object_hook,235
function,loads,241
function,index,249
function,_has_encoding,260
function,test_json_key_sorting,270
function,index,276
function,test_html_method,340
function,__html__,342
class,FixedOffset,145
class,X,224
class,CustomProvider,234
class,ObjectWithHTML,341
function,test_dump_load_unchanged,27
function,test_duplicate_tag,32
function,test_custom_tag,43
function,__init__,45
function,check,52
function,to_json,55
function,to_python,58
function,test_tag_interface,66
function,test_tag_order,73
class,TagDict,33
class,Foo,44
class,TagFoo,48
class,Tag1,74
class,Tag2,77
function,reset_logging,13
function,test_logger,36
function,test_logger_debug,42
function,test_existing_handler,48
function,test_wsgi_errors_stream,54
function,index,56
function,test_has_level_handler,70
function,test_log_view_exception,86
function,index,88
function,test_aborting,4
function,handle_foo,9
function,index,13
function,test,17
class,Foo,5
function,test_teardown_on_pop,16
function,end_of_request,20
function,test_teardown_with_previous_exception,30
function,end_of_request,34
function,test_teardown_with_handled_exception,47
function,end_of_request,51
function,test_proper_test_request_context,63
function,index,67
function,sub,71
function,test_context_binding,107
function,index,109
function,meh,113
function,test_context_test,123
function,test_manual_context_binding,135
function,index,137
function,test_greenlet_context_copying,150
function,index,154
function,g,158
function,test_greenlet_context_copying_api,179
function,index,183
function,g,187
function,test_session_error_pops_context,205
function,open_session,210
function,index,219
function,test_session_dynamic_cookie_name,229
function,get_cookie_name,233
function,set,246
function,get,251
function,set_dynamic_cookie,256
function,get_dynamic_cookie,261
function,test_bad_environ_raises_bad_request,280
function,test_environ_for_valid_idna_completes,296
function,index,300
function,test_normal_environ_completes,317
function,index,321
class,TestGreenletContextCopying,149
class,SessionError,206
class,FailingSessionInterface,209
class,CustomFlask,213
class,PathAwareSessionInterface,232
class,CustomFlask,239
function,test_max_content_length,9
function,index,13
function,catcher,18
function,test_limit_config,25
function,test_trusted_hosts_config,57
function,index,61
function,test_open_session_with_endpoint,6
function,save_session,13
function,open_session,16
function,index,24
class,MySessionInterface,12
function,test_template_rendered,4
function,index,6
function,record,11
function,test_before_render_template,25
function,index,29
function,record,34
function,test_request_signals,50
function,before_request_signal,54
function,after_request_signal,57
function,before_request_handler,62
function,after_request_handler,66
function,index,72
function,test_request_exception_signal,95
function,index,100
function,record,103
function,test_appcontext_signals,115
function,record_push,118
function,record_pop,121
function,index,125
function,test_flash_signal,139
function,index,141
function,record,147
function,test_appcontext_tearing_down_signal,163
function,record_teardown,167
function,index,171
function,test_suppressed_exception_logging,6
function,log_exception,8
function,index,15
class,SuppressedFlask,7
function,test_context_processing,11
function,context_processor,13
function,index,17
function,test_original_win,24
function,index,26
function,test_simple_stream,33
function,index,35
function,test_request_less_rendering,42
function,context_processor,46
function,test_standard_context,53
function,index,55
function,test_escaping,71
function,index,75
function,test_no_escaping,91
function,index,95
function,test_escaping_without_template_filename,113
function,test_macros,118
function,test_template_filter,123
function,my_reverse,125
function,my_reverse_2,133
function,my_reverse_3,141
function,my_reverse_4,149
function,test_add_template_filter,157
function,my_reverse,158
function,test_template_filter_with_name,167
function,my_reverse,169
function,test_add_template_filter_with_name,177
function,my_reverse,178
function,test_template_filter_with_template,187
function,super_reverse,189
function,index,193
function,test_add_template_filter_with_template,200
function,super_reverse,201
function,index,207
function,test_template_filter_with_name_and_template,214
function,my_reverse,216
function,index,220
function,test_add_template_filter_with_name_and_template,227
function,my_reverse,228
function,index,234
function,test_template_test,241
function,boolean,243
function,boolean_2,251
function,boolean_3,259
function,boolean_4,267
function,test_add_template_test,275
function,boolean,276
function,test_template_test_with_name,285
function,is_boolean,287
function,test_add_template_test_with_name,295
function,is_boolean,296
function,test_template_test_with_template,305
function,boolean,307
function,index,311
function,test_add_template_test_with_template,318
function,boolean,319
function,index,325
function,test_template_test_with_name_and_template,332
function,is_boolean,334
function,index,338
function,test_add_template_test_with_name_and_template,345
function,is_boolean,346
function,index,352
function,test_add_template_global,359
function,get_stuff,361
function,get_stuff_1,372
function,get_stuff_2,383
function,get_stuff_3,394
function,test_custom_template_loader,405
function,create_global_jinja_loader,407
function,index,415
function,test_iterable_loader,423
function,context_processor,425
function,index,429
function,test_templates_auto_reload,443
function,test_templates_auto_reload_debug_run,475
function,run_simple_mock,476
function,test_template_loader_debugging,488
function,handle,494
function,test_custom_jinja_env,524
class,MyFlask,406
class,_TestHandler,493
class,CustomEnvironment,525
class,CustomFlask,528
function,test_environ_defaults_from_config,15
function,index,20
function,test_environ_defaults,30
function,index,32
function,test_environ_base_default,42
function,index,44
function,test_environ_base_modified,57
function,index,59
function,test_client_open_environ,73
function,index,75
function,test_specify_url_scheme,90
function,index,92
function,test_path_is_url,102
function,test_environbuilder_json_dumps,110
function,test_blueprint_with_subdomain,117
function,index,126
function,test_redirect_session,141
function,index,143
function,get_session,148
function,test_session_transactions,158
function,index,160
function,test_session_transactions_no_null_sessions,175
function,test_session_transactions_keep_context,185
function,test_session_transaction_needs_cookies,193
function,test_test_client_context_binding,201
function,index,205
function,other,210
function,test_reuse_client,230
function,test_full_url_request,240
function,action,242
function,test_json_request_and_response,252
function,echo,254
function,test_client_json_no_app_context,271
function,hello,273
function,add,279
function,test_subdomain,291
function,view,297
function,test_nosubdomain,310
function,view,314
function,test_cli_runner_class,327
function,test_cli_invoke,339
function,hello_command,341
function,test_cli_custom_obj,353
function,create_app,357
function,hello_command,362
function,test_client_pop_all_preserved,371
function,index,373
class,Namespace,276
class,SubRunner,331
class,NS,354
function,test_error_handler_no_match,10
function,custom_exception_handler,15
function,handle_500,30
function,custom_test,44
function,key_error,48
function,do_abort,52
function,test_error_handler_subclass,61
function,parent_exception_handler,72
function,child_exception_handler,77
function,parent_test,82
function,unregistered_test,86
function,registered_test,90
function,test_error_handler_http_subclass,100
function,code_exception_handler,108
function,subclass_exception_handler,113
function,forbidden_test,118
function,registered_test,122
function,unregistered_test,126
function,test_error_handler_blueprint,136
function,bp_exception_handler,140
function,bp_test,144
function,app_exception_handler,148
function,app_test,152
function,test_default_error_handler,163
function,bp_exception_handler,167
function,bp_forbidden_handler,173
function,bp_registered_test,178
function,bp_forbidden_test,182
function,catchall_exception_handler,188
function,catchall_forbidden_handler,194
function,forbidden,199
function,slash,203
function,app,224
function,do_custom,226
function,do_error,230
function,do_abort,234
function,do_raise,238
function,report_error,244
function,test_handle_class_or_code,253
function,handle_500,260
function,test_handle_generic_http,269
function,handle_http,275
function,test_handle_generic,283
function,handle_exception,289
class,CustomException,11
class,ParentException,62
class,ChildExceptionUnregistered,65
class,ChildExceptionRegistered,68
class,ForbiddenSubclassRegistered,101
class,ForbiddenSubclassUnregistered,104
class,TestGenericHandlers,217
class,Custom,220
function,common_test,7
function,test_basic_view,17
function,dispatch_request,21
function,test_method_based_view,28
function,get,30
function,post,33
function,test_view_patching,41
function,get,43
function,post,46
function,get,50
function,post,53
function,test_view_inheritance,62
function,get,64
function,post,67
function,delete,71
function,test_view_decorators,80
function,add_x_parachute,81
function,new_function,82
function,dispatch_request,92
function,test_view_provide_automatic_options_attr,101
function,dispatch_request,107
function,dispatch_request,121
function,dispatch_request,132
function,test_implicit_head,141
function,get,143
function,test_explicit_head,155
function,get,157
function,head,160
function,test_endpoint_override,171
function,dispatch_request,177
function,test_methods_var_inheritance,189
function,get,194
function,propfind,197
function,test_multiple_inheritance,207
function,get,209
function,delete,213
function,test_remove_method_from_parent,226
function,get,228
function,post,232
function,test_init_once,245
function,__init__,251
function,dispatch_request,255
class,Index,18
class,Index,29
class,Index,42
class,Other,49
class,Index,63
class,BetterIndex,70
class,Index,89
class,Index1,104
class,Index2,117
class,Index3,131
class,Index,142
class,Index,156
class,Index,174
class,BaseView,190
class,ChildView,193
class,GetView,208
class,DeleteView,212
class,GetDeleteView,216
class,GetView,227
class,OtherView,231
class,View,235
class,CountInit,248
function,index,14
function,index2,19
function,index,8
function,missing_template,13
function,create_app,4
function,create_app2,8
function,no_app,12
function,hello,7
function,after_sync,10
function,before_sync,20
function,teardown_sync,28
function,handle_400,16
function,handle_custom,21
function,handle_accept_base,26
function,handle_multiple,32
function,hello_str,17
function,hello_bytes,22
function,hello_json,27
function,hello_json_dict,32
function,hello_json_list,37
function,typed_dict,46
function,hello_generator,51
function,show,52
function,hello_generator_expression,60
function,hello_iterator,65
function,tuple_status,71
function,tuple_status_enum,76
function,tuple_headers,81
function,return_template,87
function,return_template_stream,92
function,__init__,102
function,dispatch_request,105
class,StatusJSON,41
class,RenderTemplateView,101
